method,avg_user_data_rate
dp,110.05380456837506
ga,98.63580648575146
greedy,93.62091429203994
hungarian,101.74880690992354
mslb,104.03186640170183
