method,avg_user_data_rate
dp,52.585318646383534
ga,44.51888279995884
greedy,40.11875491682279
hungarian,42.72715821486875
mslb,48.947161225242894
