method,avg_user_data_rate
dp,72.75873712816004
ga,61.37588981498394
greedy,62.46983392199463
hungarian,61.92771265146252
mslb,62.694088034470695
