method,avg_user_data_rate
dp,105.54436518468715
ga,99.36254438013185
greedy,89.57420810096566
hungarian,99.87234860418813
mslb,93.0843208929909
