method,avg_user_data_rate
dp,113.10325572776347
ga,102.28440198301996
greedy,108.93896098892155
hungarian,108.97105125879575
mslb,101.97501839230137
