method,avg_user_data_rate
dp,36.99477619224598
ga,35.8153610120288
greedy,34.86797398343722
hungarian,35.02538887788676
mslb,32.90779266973043
