method,avg_user_data_rate
dp,107.14883238258466
ga,100.1456279237147
greedy,105.43834375977711
hungarian,106.79016192913105
mslb,98.04022485331755
