method,avg_user_data_rate
dp,114.00746469070137
ga,107.76229636584522
greedy,105.94068440071703
hungarian,110.56540118452858
mslb,103.8716465838737
