method,avg_user_data_rate
dp,65.49516216112545
ga,56.414958991363235
greedy,52.4731054263605
hungarian,52.05619163505396
mslb,53.58036560439155
