method,avg_user_data_rate
dp,49.574567753449685
ga,41.58871137865523
greedy,40.723845014514076
hungarian,42.52505653957995
mslb,41.28321099836892
