method,avg_user_data_rate
dp,108.10619582665743
ga,94.07951885123181
greedy,91.46793412186376
hungarian,99.1249082648049
mslb,97.61862641571514
