method,avg_user_data_rate
dp,109.13583405311118
ga,95.80522270304125
greedy,105.98334551204489
hungarian,107.50083403313052
mslb,99.40778981282423
