method,avg_user_data_rate
dp,106.84893896788567
ga,91.86669849780964
greedy,91.37857622931543
hungarian,100.63503376126873
mslb,95.46921941976085
