method,avg_user_data_rate
dp,65.89330737953405
ga,62.9478746994336
greedy,65.29984032909356
hungarian,65.02458925129812
mslb,63.44052818897999
