method,avg_user_data_rate
dp,113.68961674921664
ga,103.33411365898819
greedy,107.56446154832584
hungarian,109.31365606360767
mslb,105.0439849709632
