method,avg_user_data_rate
dp,39.00355624412345
ga,35.71053681606645
greedy,33.81512243019531
hungarian,35.75487755774108
mslb,34.414465981705064
