method,avg_user_data_rate
dp,53.95111986635567
ga,54.74860357963085
greedy,51.50375862162018
hungarian,54.37353784967426
mslb,50.07241390808287
