method,avg_user_data_rate
dp,109.30033137655744
ga,93.90629811083713
greedy,101.2783099346106
hungarian,102.98297713269112
mslb,103.4651340798093
